window_t,window_t_abs,run_id,domain,scenario,attack_type,label,label_detail,source,roll_mean,roll_std,pitch_mean,pitch_std,yaw_mean,yaw_std,rollspeed_std,pitchspeed_std,yawspeed_std,groundspeed,alt,climb,throttle,heading,msg_count_in_window,attitude_count_in_window,cmd_ack_count,param_value_count
0.0,1776686783.405,20260420_210622_0c8c3a,hitl,hover,none,normal,normal,new_rpi_2026_04_20,0.02215,0.000541,-0.00727,0.000345,0.471493,0.000142,0.002281,0.004255,0.000889,0.024888465180993,498.092,0.0041531277820467,70.0,27.0,13,5,0,0
1.0,1776686784.405,20260420_210622_0c8c3a,hitl,hover,none,normal,normal,new_rpi_2026_04_20,0.021321,0.001115,-0.006902,0.000285,0.471561,6e-05,0.004029,0.002607,0.001823,0.024888465180993,498.071,0.0041531277820467,70.0,27.0,11,6,0,0
2.0,1776686785.405,20260420_210622_0c8c3a,hitl,hover,none,normal,normal,new_rpi_2026_04_20,0.02155,0.000545,-0.007959,0.000375,0.471452,7.7e-05,0.004822,0.00236,0.001732,0.0277587920427322,498.054,0.0297398474067449,70.0,27.0,15,5,0,0
3.0,1776686786.405,20260420_210622_0c8c3a,hitl,hover,none,normal,normal,new_rpi_2026_04_20,0.021136,0.000227,-0.008062,0.000137,0.471653,0.000101,0.003103,0.002378,0.001361,0.0277587920427322,498.065,0.0297398474067449,70.0,27.0,10,5,0,0
4.0,1776686787.405,20260420_210622_0c8c3a,hitl,hover,none,normal,normal,new_rpi_2026_04_20,0.021363,0.000286,-0.008864,0.000297,0.471521,0.000123,0.004586,0.001689,0.002598,0.0179621819406747,498.063,0.0170386061072349,70.0,27.0,13,5,0,0
5.0,1776686788.405,20260420_210622_0c8c3a,hitl,hover,none,normal,normal,new_rpi_2026_04_20,0.020067,0.000501,-0.009056,0.000303,0.471505,3.9e-05,0.003338,0.001623,0.001292,0.0179621819406747,498.092,0.0170386061072349,70.0,27.0,9,4,0,0
6.0,1776686789.405,20260420_210622_0c8c3a,hitl,hover,none,normal,normal,new_rpi_2026_04_20,0.02055,0.000594,-0.008005,0.00036,0.4715,0.000124,0.003198,0.003461,0.001064,0.0193032938987016,498.128,-0.00419198628515,70.0,27.0,15,6,0,0
7.0,1776686790.405,20260420_210622_0c8c3a,hitl,hover,none,normal,normal,new_rpi_2026_04_20,0.020413,0.000686,-0.008807,0.000523,0.471587,5.4e-05,0.005347,0.001739,0.001879,0.0193032938987016,498.172,-0.00419198628515,70.0,27.0,10,4,0,0
8.0,1776686791.405,20260420_210622_0c8c3a,hitl,hover,none,normal,normal,new_rpi_2026_04_20,0.02019,0.000113,-0.007678,0.001174,0.471518,5.3e-05,0.003051,0.00345,0.001189,0.0183920376002788,498.204,-0.039774265140295,70.0,27.0,13,5,0,0
9.0,1776686792.405,20260420_210622_0c8c3a,hitl,hover,none,normal,normal,new_rpi_2026_04_20,0.019266,0.000679,-0.006867,0.000772,0.471522,0.000186,0.00262,0.003332,0.002405,0.0183920376002788,498.218,-0.039774265140295,70.0,27.0,11,6,0,0
10.0,1776686793.405,20260420_210622_0c8c3a,hitl,hover,none,normal,normal,new_rpi_2026_04_20,0.018749,0.000116,-0.009905,0.001852,0.471484,8.3e-05,0.002984,0.005289,0.001368,0.0335254035890102,498.251,-0.0591670349240303,70.0,27.0,14,5,0,0
11.0,1776686794.405,20260420_210622_0c8c3a,hitl,hover,none,normal,normal,new_rpi_2026_04_20,0.020243,0.000979,-0.010316,0.000842,0.471568,4.9e-05,0.003483,0.004247,0.001105,0.0335254035890102,498.253,-0.0591670349240303,70.0,27.0,10,5,0,0
12.0,1776686795.405,20260420_210622_0c8c3a,hitl,hover,none,normal,normal,new_rpi_2026_04_20,0.021247,0.000566,-0.010817,0.001309,0.471445,4e-05,0.00269,0.003202,0.001487,0.0247773565351963,498.249,-0.0528181008994579,70.0,27.0,12,5,0,0
13.0,1776686796.405,20260420_210622_0c8c3a,hitl,hover,none,normal,normal,new_rpi_2026_04_20,0.020533,0.000337,-0.012904,0.000668,0.47178,0.000346,0.005885,0.00706,0.001856,0.0247773565351963,498.216,-0.0528181008994579,70.0,27.0,11,4,0,0
14.0,1776686797.405,20260420_210622_0c8c3a,hitl,hover,none,normal,normal,new_rpi_2026_04_20,0.020593,0.000869,-0.01044,0.0009,0.47163,8.9e-05,0.005144,0.005752,0.000641,0.0227183569222688,498.189,-0.0466321855783462,70.0,27.0,15,6,0,0
15.0,1776686798.405,20260420_210622_0c8c3a,hitl,hover,none,normal,normal,new_rpi_2026_04_20,0.021206,0.000249,-0.0111,0.00096,0.471484,8.6e-05,0.005188,0.000481,0.000977,0.0227183569222688,498.188,-0.0466321855783462,70.0,27.0,10,4,0,0
16.0,1776686799.405,20260420_210622_0c8c3a,hitl,hover,none,normal,normal,new_rpi_2026_04_20,0.019086,0.000376,-0.012685,0.000217,0.471512,6.4e-05,0.004192,0.004575,0.001857,0.0325167290866375,498.162,-0.0368671379983425,70.0,27.0,14,6,0,0
17.0,1776686800.405,20260420_210622_0c8c3a,hitl,hover,none,normal,normal,new_rpi_2026_04_20,0.020447,0.000304,-0.01328,0.000565,0.471602,2.6e-05,0.001977,0.005833,0.000888,0.0325167290866375,498.151,-0.0368671379983425,70.0,27.0,10,5,0,0
18.0,1776686801.405,20260420_210622_0c8c3a,hitl,hover,none,normal,normal,new_rpi_2026_04_20,0.019969,0.00035,-0.011883,0.000858,0.471513,5e-05,0.001205,0.00219,0.001629,0.0359053499996662,498.094,-0.0205064807087183,70.0,27.0,13,4,0,0
19.0,1776686802.405,20260420_210622_0c8c3a,hitl,hover,none,normal,normal,new_rpi_2026_04_20,0.019577,0.000564,-0.011208,0.000515,0.471507,6.2e-05,0.003677,0.003874,0.002131,0.0359053499996662,498.076,-0.0205064807087183,70.0,27.0,11,6,0,0
20.0,1776686803.405,20260420_210622_0c8c3a,hitl,hover,none,normal,normal,new_rpi_2026_04_20,0.019472,0.000499,-0.014208,0.000972,0.471495,9.4e-05,0.00258,0.003619,0.001569,0.0433236323297023,498.028,-0.0060251448303461,70.0,27.0,13,5,0,0
21.0,1776686804.405,20260420_210622_0c8c3a,hitl,hover,none,normal,normal,new_rpi_2026_04_20,0.018777,0.000518,-0.017074,0.000748,0.471455,7.7e-05,0.002456,0.011933,0.001248,0.0433236323297023,498.013,-0.0060251448303461,70.0,27.0,9,4,0,0
22.0,1776686805.405,20260420_210622_0c8c3a,hitl,hover,none,normal,normal,new_rpi_2026_04_20,0.019916,0.000817,-0.012987,0.000957,0.471575,8.8e-05,0.004007,0.005116,0.002028,0.0530745796859264,497.986,0.039132222533226,70.0,27.0,15,6,0,0
23.0,1776686806.405,20260420_210622_0c8c3a,hitl,hover,none,normal,normal,new_rpi_2026_04_20,0.01989,0.000956,-0.011668,0.000618,0.471523,0.000136,0.002682,0.001266,0.001743,0.0530745796859264,498.003,0.039132222533226,70.0,27.0,9,4,0,0
24.0,1776686807.405,20260420_210622_0c8c3a,hitl,hover,none,normal,normal,new_rpi_2026_04_20,0.017728,0.000701,-0.012013,0.000406,0.471402,8.1e-05,0.003571,0.002268,0.000928,0.037938755005598,498.018,0.0428254455327987,70.0,27.0,13,5,0,0
25.0,1776686808.405,20260420_210622_0c8c3a,hitl,hover,none,normal,normal,new_rpi_2026_04_20,0.014474,0.001513,-0.013692,0.000553,0.471416,6.2e-05,0.002978,0.006777,0.001587,0.037938755005598,498.009,0.0428254455327987,70.0,27.0,11,6,0,0
26.0,1776686809.405,20260420_210622_0c8c3a,hitl,hover,none,normal,normal,new_rpi_2026_04_20,0.015026,0.00083,-0.012579,0.000463,0.471448,4e-05,0.002259,0.004711,0.001152,0.0328838899731636,498.006,0.0366655848920345,70.0,27.0,15,4,0,0
27.0,1776686810.405,20260420_210622_0c8c3a,hitl,hover,none,normal,normal,new_rpi_2026_04_20,0.015255,0.000269,-0.012456,0.000656,0.47143,3.8e-05,0.003382,0.004457,0.001513,0.0328838899731636,498.017,0.0366655848920345,70.0,27.0,11,6,0,0
28.0,1776686811.405,20260420_210622_0c8c3a,hitl,hover,none,normal,normal,new_rpi_2026_04_20,0.014782,0.000264,-0.012057,0.001047,0.471326,5.3e-05,0.004483,0.003842,0.002509,0.0346768088638782,498.042,0.0314943939447402,70.0,27.0,14,5,0,0
29.0,1776686812.405,20260420_210622_0c8c3a,hitl,hover,none,normal,normal,new_rpi_2026_04_20,0.015014,0.000279,-0.011534,0.000446,0.471452,0.000127,0.002753,0.003059,0.001355,0.0346768088638782,498.036,0.0314943939447402,70.0,27.0,9,4,0,0
30.0,1776686813.405,20260420_210622_0c8c3a,hitl,hover,none,normal,normal,new_rpi_2026_04_20,0.015737,0.000655,-0.011531,0.000228,0.471406,9.6e-05,0.002673,0.004614,0.001196,0.0326880440115928,498.027,0.0270710624754428,70.0,27.0,15,5,0,0
31.0,1776686814.405,20260420_210622_0c8c3a,hitl,hover,none,normal,normal,new_rpi_2026_04_20,0.016496,0.000835,-0.011715,0.00034,0.471397,7.6e-05,0.002784,0.004018,0.001744,0.0326880440115928,498.029,0.0270710624754428,70.0,27.0,11,6,0,0
32.0,1776686815.405,20260420_210622_0c8c3a,hitl,hover,none,normal,normal,new_rpi_2026_04_20,0.014146,0.001097,-0.010968,0.000156,0.471448,6.1e-05,0.005046,0.00107,0.001723,0.0272335316985845,498.014,0.0267564356327056,70.0,27.0,12,5,0,0
33.0,1776686816.405,20260420_210622_0c8c3a,hitl,hover,none,normal,normal,new_rpi_2026_04_20,0.014396,0.00134,-0.011308,0.000283,0.471651,0.000252,0.02406,0.008554,0.00201,0.0272335316985845,498.019,0.0267564356327056,70.0,27.0,11,4,0,0
34.0,1776686817.405,20260420_210622_0c8c3a,hitl,hover,none,normal,normal,new_rpi_2026_04_20,0.012771,0.000313,-0.010818,0.000263,0.471211,0.000149,0.011445,0.004146,0.001162,0.0414339751005172,498.045,0.0229466613382101,70.0,26.0,15,6,0,0
35.0,1776686818.405,20260420_210622_0c8c3a,hitl,hover,none,normal,normal,new_rpi_2026_04_20,0.01609,0.001609,-0.010526,0.000851,0.471649,5.3e-05,0.002976,0.005163,0.001162,0.0414339751005172,498.05,0.0229466613382101,70.0,26.0,9,4,0,0
36.0,1776686819.405,20260420_210622_0c8c3a,hitl,hover,none,normal,normal,new_rpi_2026_04_20,0.017883,0.000307,-0.009828,0.001027,0.471545,8.1e-05,0.002316,0.007068,0.001635,0.037699069827795,498.055,0.010558302514255,70.0,27.0,14,6,0,0
37.0,1776686820.405,20260420_210622_0c8c3a,hitl,hover,none,normal,normal,new_rpi_2026_04_20,0.018521,0.001118,-0.010306,0.000941,0.471389,8.9e-05,0.003808,0.004517,0.000911,0.037699069827795,498.053,0.010558302514255,70.0,27.0,9,4,0,0
38.0,1776686821.405,20260420_210622_0c8c3a,hitl,hover,none,normal,normal,new_rpi_2026_04_20,0.017073,0.000832,-0.010209,0.00052,0.471494,6.8e-05,0.00372,0.00643,0.001762,0.0269502140581607,498.061,0.024841982871294,70.0,27.0,15,6,0,0
39.0,1776686822.405,20260420_210622_0c8c3a,hitl,hover,none,normal,normal,new_rpi_2026_04_20,0.016552,0.0004,-0.009499,0.000286,0.471584,2.1e-05,0.002733,0.005433,0.001719,0.0269502140581607,498.06,0.024841982871294,70.0,27.0,9,4,0,0
40.0,1776686823.405,20260420_210622_0c8c3a,hitl,hover,none,normal,normal,new_rpi_2026_04_20,0.01762,0.000444,-0.010164,0.000482,0.47151,6e-05,0.002376,0.003727,0.002111,0.0272087417542934,498.062,0.0073149595409631,70.0,27.0,14,6,0,0
41.0,1776686824.405,20260420_210622_0c8c3a,hitl,hover,none,normal,normal,new_rpi_2026_04_20,0.01759,0.000323,-0.009891,0.00044,0.471462,0.0001,0.001624,0.001278,0.001136,0.0272087417542934,498.051,0.0073149595409631,70.0,27.0,9,4,0,0
42.0,1776686825.405,20260420_210622_0c8c3a,hitl,hover,none,normal,normal,new_rpi_2026_04_20,0.016453,0.000457,-0.012116,0.000622,0.471466,7.5e-05,0.004144,0.00331,0.001526,0.013359360396862,498.018,0.0016935218591243,70.0,27.0,14,5,0,0
43.0,1776686826.405,20260420_210622_0c8c3a,hitl,hover,none,normal,normal,new_rpi_2026_04_20,0.017062,0.000863,-0.012033,0.000699,0.471553,8.9e-05,0.00304,0.002884,0.00239,0.013359360396862,498.02,0.0016935218591243,70.0,27.0,10,5,0,0
44.0,1776686827.405,20260420_210622_0c8c3a,hitl,hover,none,normal,normal,new_rpi_2026_04_20,0.019873,0.001361,-0.011771,0.000948,0.471465,0.000128,0.003663,0.00326,0.002283,0.0157601032406091,498.037,0.0287484433501958,70.0,27.0,14,6,0,0
45.0,1776686828.405,20260420_210622_0c8c3a,hitl,hover,none,normal,normal,new_rpi_2026_04_20,0.019838,0.000748,-0.010071,0.000228,0.471622,7.5e-05,0.002336,0.002004,0.001837,0.0157601032406091,498.055,0.0287484433501958,70.0,27.0,9,4,0,0
46.0,1776686829.405,20260420_210622_0c8c3a,hitl,hover,none,normal,normal,new_rpi_2026_04_20,0.017246,0.001059,-0.009409,0.000448,0.47154,8.3e-05,0.003679,0.003375,0.001735,0.0116751678287982,498.08,0.0154204377904534,70.0,27.0,16,6,0,0
47.0,1776686830.405,20260420_210622_0c8c3a,hitl,hover,none,normal,normal,new_rpi_2026_04_20,0.017271,0.000405,-0.009907,0.000243,0.471535,8.6e-05,0.005717,0.001154,0.002048,0.0116751678287982,498.1,0.0154204377904534,70.0,27.0,9,4,0,0
48.0,1776686831.405,20260420_210622_0c8c3a,hitl,hover,none,normal,normal,new_rpi_2026_04_20,0.018098,0.000583,-0.009826,0.00062,0.471385,7.8e-05,0.001547,0.003609,0.00107,0.0324598252773284,498.148,-0.0044317902065813,70.0,27.0,14,6,0,0
49.0,1776686832.405,20260420_210622_0c8c3a,hitl,hover,none,normal,normal,new_rpi_2026_04_20,0.017951,0.000467,-0.011365,0.000624,0.471348,9.5e-05,0.002001,0.004223,0.001437,0.0324598252773284,498.178,-0.0044317902065813,70.0,27.0,10,5,0,0
50.0,1776686833.405,20260420_210622_0c8c3a,hitl,hover,none,normal,normal,new_rpi_2026_04_20,0.018564,0.000673,-0.010802,0.000307,0.471416,3.7e-05,0.005218,0.004218,0.001639,0.0244044419378042,498.199,-0.0366297699511051,70.0,27.0,13,4,0,0
51.0,1776686834.405,20260420_210622_0c8c3a,hitl,hover,none,normal,normal,new_rpi_2026_04_20,0.0183,0.00035,-0.009671,0.00073,0.471506,5.2e-05,0.00395,0.003998,0.001754,0.0244044419378042,498.207,-0.0366297699511051,70.0,27.0,11,6,0,0
52.0,1776686835.405,20260420_210622_0c8c3a,hitl,hover,none,normal,normal,new_rpi_2026_04_20,0.019023,0.000247,-0.01044,0.000738,0.471582,2.6e-05,0.003016,0.005372,0.001585,0.0182417780160903,498.214,-0.0506302416324615,70.0,27.0,13,5,0,0
53.0,1776686836.405,20260420_210622_0c8c3a,hitl,hover,none,normal,normal,new_rpi_2026_04_20,0.019574,0.000164,-0.010573,0.000256,0.471509,3.4e-05,0.002645,0.003842,0.001149,0.0182417780160903,498.21,-0.0506302416324615,70.0,27.0,10,5,0,0
54.0,1776686837.405,20260420_210622_0c8c3a,hitl,hover,none,normal,normal,new_rpi_2026_04_20,0.019417,0.000446,-0.011258,0.000591,0.471511,3.1e-05,0.006692,0.004257,0.003019,0.0235334783792495,498.215,-0.0353547222912311,70.0,27.0,13,4,0,0
55.0,1776686838.405,20260420_210622_0c8c3a,hitl,hover,none,normal,normal,new_rpi_2026_04_20,0.019861,0.00059,-0.00996,0.000425,0.471557,7.5e-05,0.003669,0.008059,0.00156,0.0235334783792495,498.197,-0.0353547222912311,70.0,27.0,11,6,0,0
56.0,1776686839.405,20260420_210622_0c8c3a,hitl,hover,none,normal,normal,new_rpi_2026_04_20,0.020068,0.000253,-0.008676,0.000978,0.471495,6.4e-05,0.00266,0.007935,0.001555,0.0343738235533237,498.167,-0.0311188772320747,70.0,27.0,13,5,0,0
57.0,1776686840.405,20260420_210622_0c8c3a,hitl,hover,none,normal,normal,new_rpi_2026_04_20,0.017899,0.000591,-0.009234,0.000327,0.471518,9.1e-05,0.006956,0.004015,0.000714,0.0343738235533237,498.145,-0.0311188772320747,70.0,27.0,10,5,0,0
58.0,1776686841.405,20260420_210622_0c8c3a,hitl,hover,none,normal,normal,new_rpi_2026_04_20,0.018008,0.000374,-0.008649,9.1e-05,0.471545,0.000162,0.001461,0.003043,0.001111,0.0525570027530193,498.103,-0.0014747334644198,70.0,27.0,13,4,0,0
59.0,1776686842.405,20260420_210622_0c8c3a,hitl,hover,none,normal,normal,new_rpi_2026_04_20,0.019308,0.000679,-0.009439,0.00063,0.471594,9.7e-05,0.003083,0.005096,0.001475,0.0525570027530193,498.074,-0.0014747334644198,70.0,27.0,11,6,0,0
60.0,1776686843.405,20260420_210622_0c8c3a,hitl,hover,none,normal,normal,new_rpi_2026_04_20,0.019875,0.000527,-0.010026,0.000473,0.471583,8.7e-05,0.004039,0.004537,0.001295,0.0408123470842838,498.05,0.026322603225708,70.0,27.0,13,5,0,0
61.0,1776686844.405,20260420_210622_0c8c3a,hitl,hover,none,normal,normal,new_rpi_2026_04_20,0.018858,0.000245,-0.010742,0.000383,0.471552,2.7e-05,0.002806,0.001749,0.002304,0.0408123470842838,498.037,0.026322603225708,70.0,27.0,9,4,0,0
62.0,1776686845.405,20260420_210622_0c8c3a,hitl,hover,none,normal,normal,new_rpi_2026_04_20,0.020066,0.000308,-0.010471,0.000209,0.471487,8.2e-05,0.003201,0.001872,0.001511,0.0196324978023767,498.018,0.0223793629556894,70.0,27.0,15,6,0,0
63.0,1776686846.405,20260420_210622_0c8c3a,hitl,hover,none,normal,normal,new_rpi_2026_04_20,0.020644,0.000381,-0.011911,0.000187,0.471645,7.3e-05,0.00564,0.003342,0.001803,0.0196324978023767,498.01,0.0223793629556894,70.0,27.0,9,4,0,0
64.0,1776686847.405,20260420_210622_0c8c3a,hitl,hover,none,normal,normal,new_rpi_2026_04_20,0.020194,0.000182,-0.011432,0.000368,0.471567,9.3e-05,0.001895,0.003649,0.001582,0.0201795268803834,497.999,0.0268827583640813,70.0,27.0,15,6,0,0
65.0,1776686848.405,20260420_210622_0c8c3a,hitl,hover,none,normal,normal,new_rpi_2026_04_20,0.020775,0.000224,-0.011248,0.00016,0.471541,7e-05,0.001358,0.002969,0.000487,0.0201795268803834,498.016,0.0268827583640813,70.0,27.0,9,4,0,0
66.0,1776686849.405,20260420_210622_0c8c3a,hitl,hover,none,normal,normal,new_rpi_2026_04_20,0.020694,0.000316,-0.009056,0.000801,0.471567,0.000144,0.003665,0.004612,0.001948,0.0103862974792718,498.034,0.0296464655548334,70.0,27.0,16,5,0,0
67.0,1776686850.405,20260420_210622_0c8c3a,hitl,hover,none,normal,normal,new_rpi_2026_04_20,0.021003,0.000686,-0.009912,0.000302,0.471495,0.000127,0.002011,0.004871,0.001327,0.0103862974792718,498.035,0.0296464655548334,70.0,27.0,11,6,0,0
68.0,1776686851.405,20260420_210622_0c8c3a,hitl,hover,none,normal,normal,new_rpi_2026_04_20,0.019049,0.000576,-0.009209,0.00068,0.471607,0.000132,0.00439,0.008527,0.000964,0.0233658254146575,498.013,0.0173618476837873,70.0,27.0,13,5,0,0
69.0,1776686852.405,20260420_210622_0c8c3a,hitl,hover,none,normal,normal,new_rpi_2026_04_20,0.018381,0.000156,-0.007926,0.00055,0.471622,0.000138,0.003218,0.007795,0.000728,0.0233658254146575,498.018,0.0173618476837873,70.0,27.0,9,4,0,0
70.0,1776686853.405,20260420_210622_0c8c3a,hitl,hover,none,normal,normal,new_rpi_2026_04_20,0.016481,0.000418,-0.00767,0.000512,0.471563,4.5e-05,0.005101,0.006308,0.000651,0.0532264783978462,497.997,0.0357098393142223,70.0,27.0,14,5,0,0
71.0,1776686854.405,20260420_210622_0c8c3a,hitl,hover,none,normal,normal,new_rpi_2026_04_20,0.019982,0.00166,-0.00942,0.000551,0.47169,9.5e-05,0.003249,0.006808,0.001301,0.0532264783978462,497.995,0.0357098393142223,70.0,27.0,11,6,0,0
72.0,1776686855.405,20260420_210622_0c8c3a,hitl,hover,none,normal,normal,new_rpi_2026_04_20,0.023092,0.000551,-0.009932,0.000472,0.471594,7.4e-05,0.004642,0.008232,0.001218,0.0537782460451126,498.018,0.0392762534320354,70.0,27.0,13,4,0,0
73.0,1776686856.405,20260420_210622_0c8c3a,hitl,hover,none,normal,normal,new_rpi_2026_04_20,0.020323,0.000752,-0.009083,0.000826,0.471573,5.2e-05,0.001979,0.007338,0.001556,0.0537782460451126,498.033,0.0392762534320354,70.0,27.0,11,6,0,0
74.0,1776686857.405,20260420_210622_0c8c3a,hitl,hover,none,normal,normal,new_rpi_2026_04_20,0.019104,0.000463,-0.012539,0.00025,0.471602,0.00013,0.003258,0.00394,0.001637,0.0401086248457431,498.009,0.016632916405797,70.0,27.0,13,4,0,0
75.0,1776686858.405,20260420_210622_0c8c3a,hitl,hover,none,normal,normal,new_rpi_2026_04_20,0.021169,0.00123,-0.01201,0.000483,0.471584,5.9e-05,0.00355,0.004591,0.001906,0.0401086248457431,498.022,0.016632916405797,70.0,27.0,11,6,0,0
76.0,1776686859.405,20260420_210622_0c8c3a,hitl,hover,none,normal,normal,new_rpi_2026_04_20,0.019892,0.001193,-0.010692,0.000908,0.471574,0.000116,0.00233,0.004913,0.00112,0.0186133105307817,498.003,0.0360367149114608,70.0,27.0,13,5,0,0
77.0,1776686860.405,20260420_210622_0c8c3a,hitl,hover,none,normal,normal,new_rpi_2026_04_20,0.019122,0.000536,-0.011224,0.000472,0.471528,0.000108,0.003642,0.003826,0.001031,0.0186133105307817,497.979,0.0360367149114608,70.0,27.0,10,4,0,0
78.0,1776686861.405,20260420_210622_0c8c3a,hitl,hover,none,normal,normal,new_rpi_2026_04_20,0.020438,0.000226,-0.012277,0.000335,0.47164,0.000171,0.003261,0.004758,0.001894,0.0274131838232278,497.949,0.042274359613657,70.0,27.0,13,5,0,0
79.0,1776686862.405,20260420_210622_0c8c3a,hitl,hover,none,normal,normal,new_rpi_2026_04_20,0.019238,0.000249,-0.011858,0.000873,0.471532,8.8e-05,0.00406,0.00888,0.001828,0.0274131838232278,497.934,0.042274359613657,70.0,27.0,12,6,0,0
80.0,1776686863.405,20260420_210622_0c8c3a,hitl,hover,none,normal,normal,new_rpi_2026_04_20,0.019589,0.000322,-0.009807,0.000728,0.471657,8.4e-05,0.002361,0.008758,0.002108,0.035968292504549,497.912,0.0557514689862728,70.0,27.0,12,5,0,0
81.0,1776686864.405,20260420_210622_0c8c3a,hitl,hover,none,normal,normal,new_rpi_2026_04_20,0.019226,0.000774,-0.010615,0.000293,0.471555,5.8e-05,0.00437,0.004755,0.001253,0.035968292504549,497.892,0.0557514689862728,70.0,27.0,11,4,0,0
82.0,1776686865.405,20260420_210622_0c8c3a,hitl,hover,none,normal,normal,new_rpi_2026_04_20,0.019844,0.000954,-0.012282,0.000736,0.471572,8.6e-05,0.002342,0.007716,0.000783,0.0558114983141422,497.879,0.0663385391235351,70.0,27.0,14,6,0,0
83.0,1776686866.405,20260420_210622_0c8c3a,hitl,hover,none,normal,normal,new_rpi_2026_04_20,0.021343,0.000509,-0.011255,0.000594,0.47174,5.3e-05,0.003645,0.011003,0.001446,0.0558114983141422,497.869,0.0663385391235351,70.0,27.0,11,5,0,0
84.0,1776686867.405,20260420_210622_0c8c3a,hitl,hover,none,normal,normal,new_rpi_2026_04_20,0.021716,0.000569,-0.012715,0.000311,0.471802,3.5e-05,0.002559,0.006755,0.001816,0.0461695753037929,497.876,0.079805850982666,70.0,27.0,12,5,0,0
85.0,1776686868.405,20260420_210622_0c8c3a,hitl,hover,none,normal,normal,new_rpi_2026_04_20,0.020585,0.000441,-0.012661,0.000343,0.471666,8.6e-05,0.002337,0.002892,0.001588,0.0461695753037929,497.901,0.079805850982666,70.0,27.0,11,5,0,0
86.0,1776686869.405,20260420_210622_0c8c3a,hitl,hover,none,normal,normal,new_rpi_2026_04_20,0.021495,0.000102,-0.011668,0.000159,0.47161,6.8e-05,0.002409,0.004642,0.001199,0.0283770393580198,497.904,0.0663412287831306,70.0,27.0,13,4,0,0
87.0,1776686870.405,20260420_210622_0c8c3a,hitl,hover,none,normal,normal,new_rpi_2026_04_20,0.022316,0.000509,-0.011987,0.000446,0.471661,7.6e-05,0.003108,0.003259,0.002854,0.0283770393580198,497.904,0.0663412287831306,70.0,27.0,12,6,0,0
88.0,1776686871.405,20260420_210622_0c8c3a,hitl,hover,none,normal,normal,new_rpi_2026_04_20,0.02328,0.000195,-0.01369,0.000241,0.471651,4.2e-05,0.002793,0.002367,0.002186,0.0058223293162882,497.919,0.0619230195879936,70.0,27.0,12,5,0,0
89.0,1776686872.405,20260420_210622_0c8c3a,hitl,hover,none,normal,normal,new_rpi_2026_04_20,0.021184,0.001137,-0.014678,0.000339,0.471684,0.000133,0.00326,0.003711,0.001199,0.0058223293162882,497.933,0.0619230195879936,70.0,27.0,11,5,0,0
90.0,1776686873.405,20260420_210622_0c8c3a,hitl,hover,none,normal,normal,new_rpi_2026_04_20,0.019772,0.000528,-0.014256,0.000424,0.471767,6.9e-05,0.002549,0.004012,0.001534,0.0348290354013443,497.956,0.057837039232254,70.0,27.0,13,4,0,0
91.0,1776686874.405,20260420_210622_0c8c3a,hitl,hover,none,normal,normal,new_rpi_2026_04_20,0.021044,0.000591,-0.014803,0.000248,0.471668,6e-05,0.002994,0.008132,0.002173,0.0348290354013443,497.963,0.057837039232254,70.0,27.0,11,5,0,0
92.0,1776686875.405,20260420_210622_0c8c3a,hitl,hover,none,normal,normal,new_rpi_2026_04_20,0.022736,0.000273,-0.014444,0.001198,0.471691,7.7e-05,0.004256,0.003797,0.002885,0.0475747883319854,497.993,0.0409745909273624,70.0,27.0,13,6,0,0
93.0,1776686876.405,20260420_210622_0c8c3a,hitl,hover,none,normal,normal,new_rpi_2026_04_20,0.023225,0.000281,-0.011226,0.000367,0.47171,7e-05,0.003836,0.004729,0.000597,0.0475747883319854,498.022,0.0409745909273624,70.0,27.0,11,5,0,0
94.0,1776686877.405,20260420_210622_0c8c3a,hitl,hover,none,normal,normal,new_rpi_2026_04_20,0.023693,0.000368,-0.012424,0.000239,0.471774,5.7e-05,0.003282,0.008566,0.000713,0.0305011458694934,498.027,0.0280245319008827,70.0,27.0,12,4,0,0
95.0,1776686878.405,20260420_210622_0c8c3a,hitl,hover,none,normal,normal,new_rpi_2026_04_20,0.023509,0.000259,-0.012568,0.000319,0.471691,8.9e-05,0.002724,0.004361,0.001712,0.0305011458694934,498.032,0.0280245319008827,70.0,27.0,12,6,0,0
96.0,1776686879.405,20260420_210622_0c8c3a,hitl,hover,none,normal,normal,new_rpi_2026_04_20,0.023286,0.000281,-0.011612,0.000703,0.471682,7e-05,0.003284,0.003605,0.001401,0.03576435521245,498.036,0.0293298475444316,70.0,27.0,12,5,0,0
97.0,1776686880.405,20260420_210622_0c8c3a,hitl,hover,none,normal,normal,new_rpi_2026_04_20,0.023048,0.000246,-0.011025,0.000177,0.471774,0.000122,0.004663,0.002675,0.00286,0.03576435521245,498.016,0.0293298475444316,70.0,27.0,11,5,0,0
98.0,1776686881.405,20260420_210622_0c8c3a,hitl,hover,none,normal,normal,new_rpi_2026_04_20,0.023192,0.000328,-0.010416,0.000493,0.471649,7.2e-05,0.005061,0.002585,0.001149,0.034189224243164,497.996,0.0216799620538949,70.0,27.0,12,4,0,0
99.0,1776686882.405,20260420_210622_0c8c3a,hitl,hover,none,normal,normal,new_rpi_2026_04_20,0.025853,0.001897,-0.009561,0.000399,0.471661,8e-05,0.009911,0.003008,0.002424,0.034189224243164,497.957,0.0216799620538949,70.0,27.0,12,6,0,0
100.0,1776686883.405,20260420_210622_0c8c3a,hitl,hover,none,normal,normal,new_rpi_2026_04_20,0.026472,0.001147,-0.009861,0.000343,0.471641,9.2e-05,0.006284,0.002215,0.001168,0.0620148181915283,497.958,0.0493987500667572,70.0,27.0,12,5,0,0
101.0,1776686884.405,20260420_210622_0c8c3a,hitl,hover,none,normal,normal,new_rpi_2026_04_20,0.02435,0.000464,-0.01159,0.001149,0.47162,7.1e-05,0.007683,0.007107,0.001718,0.0620148181915283,497.929,0.0493987500667572,70.0,27.0,11,5,0,0
102.0,1776686885.405,20260420_210622_0c8c3a,hitl,hover,none,normal,normal,new_rpi_2026_04_20,0.02443,0.000539,-0.011979,0.000553,0.471683,3.5e-05,0.006563,0.00223,0.001273,0.0582904890179634,497.931,0.0585763305425643,70.0,27.0,12,4,0,0
103.0,1776686886.405,20260420_210622_0c8c3a,hitl,hover,none,normal,normal,new_rpi_2026_04_20,0.024028,0.000229,-0.011291,0.000222,0.471478,9.4e-05,0.005827,0.001578,0.00141,0.0582904890179634,497.918,0.0585763305425643,70.0,27.0,11,5,0,0
104.0,1776686887.405,20260420_210622_0c8c3a,hitl,hover,none,normal,normal,new_rpi_2026_04_20,0.021593,0.001556,-0.01113,0.000908,0.471647,0.000102,0.002473,0.008719,0.001995,0.0322087369859218,497.916,0.0772169306874275,70.0,27.0,13,6,0,0
105.0,1776686888.405,20260420_210622_0c8c3a,hitl,hover,none,normal,normal,new_rpi_2026_04_20,0.020516,0.000989,-0.01273,0.001369,0.471619,0.000149,0.002116,0.003821,0.001012,0.0322087369859218,497.894,0.0772169306874275,70.0,27.0,11,5,0,0
106.0,1776686889.405,20260420_210622_0c8c3a,hitl,hover,none,normal,normal,new_rpi_2026_04_20,0.02148,0.000327,-0.010363,0.000545,0.471593,0.000164,0.002872,0.004107,0.002053,0.0086205340921878,497.88,0.0768379420042038,70.0,27.0,14,4,0,0
107.0,1776686890.405,20260420_210622_0c8c3a,hitl,hover,none,normal,normal,new_rpi_2026_04_20,0.022251,0.000515,-0.009596,0.000318,0.471691,7.4e-05,0.00415,0.001962,0.001167,0.0086205340921878,497.849,0.0768379420042038,70.0,27.0,12,6,0,0
108.0,1776686891.405,20260420_210622_0c8c3a,hitl,hover,none,normal,normal,new_rpi_2026_04_20,0.021766,0.000436,-0.010548,0.000288,0.471619,0.000138,0.003495,0.002989,0.00058,0.0083053074777126,497.829,0.0825224891304969,70.0,27.0,12,5,0,0
109.0,1776686892.405,20260420_210622_0c8c3a,hitl,hover,none,normal,normal,new_rpi_2026_04_20,0.021358,0.000451,-0.011105,0.00109,0.471588,0.000112,0.005713,0.004071,0.002926,0.0083053074777126,497.822,0.0825224891304969,70.0,27.0,10,4,0,0
110.0,1776686893.405,20260420_210622_0c8c3a,hitl,hover,none,normal,normal,new_rpi_2026_04_20,0.022724,0.000588,-0.01214,0.000313,0.471622,5.1e-05,0.002209,0.003619,0.000967,0.0176755301654338,497.824,0.0968605726957321,70.0,27.0,13,5,0,0
111.0,1776686894.405,20260420_210622_0c8c3a,hitl,hover,none,normal,normal,new_rpi_2026_04_20,0.021814,0.000763,-0.010176,0.000512,0.471614,0.000118,0.001151,0.003673,0.002356,0.0176755301654338,497.85,0.0968605726957321,70.0,27.0,13,6,0,0
112.0,1776686895.405,20260420_210622_0c8c3a,hitl,hover,none,normal,normal,new_rpi_2026_04_20,0.02097,0.000244,-0.009789,0.000291,0.471598,9.4e-05,0.002199,0.005518,0.002394,0.0290967412292957,497.875,0.0783861353993415,70.0,27.0,12,5,0,0
113.0,1776686896.405,20260420_210622_0c8c3a,hitl,hover,none,normal,normal,new_rpi_2026_04_20,0.022882,0.000764,-0.011426,0.00135,0.471625,9.2e-05,0.004822,0.008951,0.000682,0.0290967412292957,497.9,0.0783861353993415,70.0,27.0,10,4,0,0
114.0,1776686897.405,20260420_210622_0c8c3a,hitl,hover,none,normal,normal,new_rpi_2026_04_20,0.023328,0.000371,-0.01255,0.000343,0.471592,8.3e-05,0.002852,0.004213,0.002205,0.0482720397412776,497.916,0.056064024567604,70.0,27.0,13,5,0,0
115.0,1776686898.405,20260420_210622_0c8c3a,hitl,hover,none,normal,normal,new_rpi_2026_04_20,0.023374,0.000218,-0.008988,0.000997,0.471642,5.3e-05,0.004653,0.005293,0.001813,0.0482720397412776,497.951,0.056064024567604,70.0,27.0,12,6,0,0
116.0,1776686899.405,20260420_210622_0c8c3a,hitl,hover,none,normal,normal,new_rpi_2026_04_20,0.023067,0.000365,-0.008576,0.000298,0.47154,9.1e-05,0.003241,0.007001,0.001548,0.0408138260245323,497.98,0.0456104800105094,70.0,27.0,12,5,0,0
117.0,1776686900.405,20260420_210622_0c8c3a,hitl,hover,none,normal,normal,new_rpi_2026_04_20,0.021561,0.000844,-0.00772,0.000447,0.471568,9.2e-05,0.001307,0.005097,0.001424,0.0408138260245323,498.016,0.0456104800105094,70.0,27.0,10,4,0,0
118.0,1776686901.405,20260420_210622_0c8c3a,hitl,hover,none,normal,normal,new_rpi_2026_04_20,0.021123,0.001022,-0.007507,0.00047,0.471502,9.1e-05,0.003185,0.006612,0.00098,0.036580417305231,498.046,0.0175324063748121,70.0,27.0,13,5,0,0
119.0,1776686902.405,20260420_210622_0c8c3a,hitl,hover,none,normal,normal,new_rpi_2026_04_20,0.022034,0.000507,-0.008613,0.000388,0.471515,5.7e-05,0.003314,0.00658,0.001247,0.036580417305231,498.071,0.0175324063748121,70.0,27.0,12,6,0,0
120.0,1776686903.405,20260420_210622_0c8c3a,hitl,hover,none,normal,normal,new_rpi_2026_04_20,0.021282,0.000226,-0.009492,0.000313,0.471552,4.3e-05,0.004052,0.005964,0.002903,0.047738280147314,498.078,-0.0037133474834263,70.0,27.0,12,5,0,0
121.0,1776686904.405,20260420_210622_0c8c3a,hitl,hover,none,normal,normal,new_rpi_2026_04_20,0.022408,0.000484,-0.008763,0.000922,0.471496,4e-05,0.00273,0.004942,0.001959,0.047738280147314,498.074,-0.0037133474834263,70.0,27.0,11,4,0,0
122.0,1776686905.405,20260420_210622_0c8c3a,hitl,hover,none,normal,normal,new_rpi_2026_04_20,0.022683,0.000772,-0.007938,0.000877,0.471619,7e-06,0.006253,0.007275,0.001958,0.0402209907770156,498.065,-0.0059497780166566,70.0,27.0,13,5,0,0
123.0,1776686906.405,20260420_210622_0c8c3a,hitl,hover,none,normal,normal,new_rpi_2026_04_20,0.023508,0.000268,-0.008291,0.000813,0.47159,5.5e-05,0.002018,0.006538,0.001696,0.0402209907770156,498.064,-0.0059497780166566,70.0,27.0,12,6,0,0
124.0,1776686907.405,20260420_210622_0c8c3a,hitl,hover,none,normal,normal,new_rpi_2026_04_20,0.022861,0.00023,-0.007035,0.000609,0.471628,4.7e-05,0.00349,0.004726,0.001908,0.0383647680282592,498.062,0.0075752669945359,70.0,27.0,12,5,0,0
125.0,1776686908.405,20260420_210622_0c8c3a,hitl,hover,none,normal,normal,new_rpi_2026_04_20,0.022167,0.001044,-0.006683,0.000776,0.471472,9.4e-05,0.005816,0.003678,0.001201,0.0383647680282592,498.082,0.0075752669945359,70.0,27.0,10,4,0,0
126.0,1776686909.405,20260420_210622_0c8c3a,hitl,hover,none,normal,normal,new_rpi_2026_04_20,0.019687,0.000571,-0.004594,0.000984,0.471504,7.5e-05,0.004867,0.003575,0.002183,0.0186782032251358,498.08,0.0150897679850459,70.0,27.0,14,5,0,0
127.0,1776686910.405,20260420_210622_0c8c3a,hitl,hover,none,normal,normal,new_rpi_2026_04_20,0.021383,0.00041,-0.003985,0.000324,0.471536,7.6e-05,0.003282,0.005545,0.003535,0.0186782032251358,498.062,0.0150897679850459,70.0,27.0,11,5,0,0
128.0,1776686911.405,20260420_210622_0c8c3a,hitl,hover,none,normal,normal,new_rpi_2026_04_20,0.022221,0.000228,-0.004635,0.000286,0.471477,4.4e-05,0.003812,0.003744,0.001606,0.0066256136633455,498.062,0.0222603492438793,70.0,27.0,12,5,0,0
129.0,1776686912.405,20260420_210622_0c8c3a,hitl,hover,none,normal,normal,new_rpi_2026_04_20,0.022284,0.000269,-0.00464,0.000274,0.471609,5e-05,0.003191,0.002881,0.002455,0.0066256136633455,498.046,0.0222603492438793,70.0,27.0,11,5,0,0
130.0,1776686913.405,20260420_210622_0c8c3a,hitl,hover,none,normal,normal,new_rpi_2026_04_20,0.022543,0.00046,-0.005343,0.000357,0.471515,0.000115,0.00224,0.003382,0.001066,0.0124568352475762,498.046,0.0088412435725331,70.0,27.0,13,5,0,0
131.0,1776686914.405,20260420_210622_0c8c3a,hitl,hover,none,normal,normal,new_rpi_2026_04_20,0.023615,0.00061,-0.005251,0.000793,0.471495,4.8e-05,0.004592,0.002496,0.000905,0.0124568352475762,498.07,0.0088412435725331,70.0,27.0,12,6,0,0
132.0,1776686915.405,20260420_210622_0c8c3a,hitl,hover,none,normal,normal,new_rpi_2026_04_20,0.023576,0.000614,-0.003897,0.000248,0.471477,2.4e-05,0.003472,0.004604,0.001237,0.0190981589257717,498.091,0.0082764150574803,70.0,27.0,12,5,0,0
133.0,1776686916.405,20260420_210622_0c8c3a,hitl,hover,none,normal,normal,new_rpi_2026_04_20,0.023383,0.000758,-0.002077,0.000346,0.471524,0.000111,0.001575,0.003006,0.002229,0.0190981589257717,498.133,0.0082764150574803,70.0,27.0,10,4,0,0
134.0,1776686917.405,20260420_210622_0c8c3a,hitl,hover,none,normal,normal,new_rpi_2026_04_20,0.022697,0.000411,-0.001471,0.000228,0.471578,5.7e-05,0.001123,0.00379,0.002596,0.0123116802424192,498.175,-0.0163539852946996,70.0,27.0,13,5,0,0
135.0,1776686918.405,20260420_210622_0c8c3a,hitl,hover,none,normal,normal,new_rpi_2026_04_20,0.021489,0.000545,-0.00079,0.000386,0.471536,0.000125,0.004363,0.001575,0.001795,0.0123116802424192,498.21,-0.0163539852946996,70.0,27.0,12,6,0,0
136.0,1776686919.405,20260420_210622_0c8c3a,hitl,hover,none,normal,normal,new_rpi_2026_04_20,0.02116,0.000346,-0.000994,0.000947,0.471479,0.000103,0.004029,0.003718,0.001364,0.0169041138142347,498.24,-0.0598391629755497,70.0,27.0,12,5,0,0
137.0,1776686920.405,20260420_210622_0c8c3a,hitl,hover,none,normal,normal,new_rpi_2026_04_20,0.022716,0.000231,-0.00328,0.000652,0.471541,7.3e-05,0.002869,0.005726,0.002672,0.0169041138142347,498.287,-0.0598391629755497,70.0,27.0,11,5,0,0
138.0,1776686921.405,20260420_210622_0c8c3a,hitl,hover,none,normal,normal,new_rpi_2026_04_20,0.022556,0.000241,-0.002469,0.000771,0.471444,5.1e-05,0.000619,0.003768,0.001284,0.0348978042602539,498.306,-0.0670834481716156,70.0,27.0,12,4,0,0
139.0,1776686922.405,20260420_210622_0c8c3a,hitl,hover,none,normal,normal,new_rpi_2026_04_20,0.024207,0.000423,0.000212,0.00084,0.471464,5.4e-05,0.002344,0.001458,0.001624,0.0348978042602539,498.339,-0.0670834481716156,70.0,27.0,11,5,0,0
140.0,1776686923.405,20260420_210622_0c8c3a,hitl,hover,none,normal,normal,new_rpi_2026_04_20,0.02526,0.000125,0.002238,0.000542,0.471439,8.9e-05,0.003971,0.003188,0.001827,0.0282072275876998,498.346,-0.0754118934273719,70.0,27.0,12,5,0,0
141.0,1776686924.405,20260420_210622_0c8c3a,hitl,hover,none,normal,normal,new_rpi_2026_04_20,0.025892,0.000189,0.002178,0.000771,0.471485,8e-05,0.003238,0.003826,0.000496,0.0282072275876998,498.331,-0.0754118934273719,70.0,27.0,11,5,0,0
142.0,1776686925.405,20260420_210622_0c8c3a,hitl,hover,none,normal,normal,new_rpi_2026_04_20,0.024109,0.001114,0.000132,0.000529,0.471469,0.000111,0.003102,0.00098,0.001426,0.0240300260484218,498.313,-0.079596497118473,70.0,27.0,13,5,0,0
143.0,1776686926.405,20260420_210622_0c8c3a,hitl,hover,none,normal,normal,new_rpi_2026_04_20,0.022001,0.000241,0.000119,0.000931,0.471425,7.5e-05,0.003009,0.006421,0.001994,0.0240300260484218,498.277,-0.079596497118473,70.0,27.0,12,6,0,0
144.0,1776686927.405,20260420_210622_0c8c3a,hitl,hover,none,normal,normal,new_rpi_2026_04_20,0.022063,0.00057,0.000773,0.000596,0.471511,8e-05,0.006655,0.009718,0.002038,0.0405306629836559,498.234,-0.0503587499260902,70.0,27.0,13,5,0,0
145.0,1776686928.405,20260420_210622_0c8c3a,hitl,hover,none,normal,normal,new_rpi_2026_04_20,0.021936,0.00069,0.00255,0.000817,0.47141,8.3e-05,0.00509,0.011686,0.000781,0.0405306629836559,498.197,-0.0503587499260902,70.0,27.0,11,5,0,0
146.0,1776686929.405,20260420_210622_0c8c3a,hitl,hover,none,normal,normal,new_rpi_2026_04_20,0.023534,0.000526,0.001203,0.000288,0.471495,0.000118,0.005247,0.009941,0.000607,0.0766408368945121,498.161,-0.0283009056001901,70.0,27.0,15,4,0,0
147.0,1776686930.405,20260420_210622_0c8c3a,hitl,hover,none,normal,normal,new_rpi_2026_04_20,0.024348,0.000601,0.00105,0.000812,0.471525,4.8e-05,0.005087,0.01206,0.002299,0.0766408368945121,498.131,-0.0283009056001901,70.0,27.0,11,5,0,0
148.0,1776686931.405,20260420_210622_0c8c3a,hitl,hover,none,normal,normal,new_rpi_2026_04_20,0.025634,0.000673,0.000747,0.000601,0.471349,7.7e-05,0.006526,0.009241,0.000949,0.0892798453569412,498.126,0.0050705224275588,70.0,27.0,14,6,0,0
149.0,1776686932.405,20260420_210622_0c8c3a,hitl,hover,none,normal,normal,new_rpi_2026_04_20,0.024587,0.000528,0.000376,0.000358,0.471542,0.000128,0.004766,0.009735,0.002979,0.0892798453569412,498.088,0.0050705224275588,70.0,27.0,10,4,0,0
150.0,1776686933.405,20260420_210622_0c8c3a,hitl,hover,none,normal,normal,new_rpi_2026_04_20,0.02497,0.000704,0.000192,0.000506,0.471651,0.00012,0.004293,0.009678,0.000456,0.0780169665813446,498.069,0.0075186742469668,70.0,27.0,13,5,0,0
151.0,1776686934.405,20260420_210622_0c8c3a,hitl,hover,none,normal,normal,new_rpi_2026_04_20,0.025732,0.000972,-0.001099,0.000298,0.471662,5.3e-05,0.003894,0.005523,0.001415,0.0780169665813446,498.036,0.0075186742469668,70.0,27.0,12,6,0,0
152.0,1776686935.405,20260420_210622_0c8c3a,hitl,hover,none,normal,normal,new_rpi_2026_04_20,0.026487,0.000359,-0.000993,0.000344,0.471586,7.7e-05,0.004567,0.007211,0.001957,0.0516523979604244,498.002,0.0241062138229608,70.0,27.0,12,5,0,0
153.0,1776686936.405,20260420_210622_0c8c3a,hitl,hover,none,normal,normal,new_rpi_2026_04_20,0.027411,7.7e-05,-0.002027,0.001029,0.471589,5e-05,0.003938,0.006439,0.003411,0.0516523979604244,497.989,0.0241062138229608,70.0,27.0,10,4,0,0
154.0,1776686937.405,20260420_210622_0c8c3a,hitl,hover,none,normal,normal,new_rpi_2026_04_20,0.026614,0.000418,-0.005177,0.000644,0.471608,5.4e-05,0.005184,0.003327,0.002068,0.0227505080401897,497.977,0.0464701205492019,70.0,27.0,13,5,0,0
155.0,1776686938.405,20260420_210622_0c8c3a,hitl,hover,none,normal,normal,new_rpi_2026_04_20,0.025678,0.000134,-0.003806,0.000295,0.471594,0.000137,0.001311,0.005054,0.001775,0.0227505080401897,497.969,0.0464701205492019,70.0,27.0,11,5,0,0
156.0,1776686939.405,20260420_210622_0c8c3a,hitl,hover,none,normal,normal,new_rpi_2026_04_20,0.025708,0.000376,-0.00248,0.000446,0.471627,5.3e-05,0.00386,0.005567,0.00124,0.0022011494729667,497.967,0.0425326600670814,70.0,27.0,12,5,0,0
157.0,1776686940.405,20260420_210622_0c8c3a,hitl,hover,none,normal,normal,new_rpi_2026_04_20,0.025933,0.000391,-0.001955,0.000247,0.471657,6.2e-05,0.003327,0.002429,0.001052,0.0022011494729667,497.954,0.0425326600670814,70.0,27.0,12,6,0,0
158.0,1776686941.405,20260420_210622_0c8c3a,hitl,hover,none,normal,normal,new_rpi_2026_04_20,0.027264,0.000261,-0.002791,0.000695,0.471476,1.8e-05,0.002738,0.006373,0.000933,0.0061175697483122,497.953,0.0445571094751358,70.0,27.0,12,4,0,0
159.0,1776686942.405,20260420_210622_0c8c3a,hitl,hover,none,normal,normal,new_rpi_2026_04_20,0.025493,0.000427,-0.002602,0.000237,0.471507,0.000128,0.003774,0.004148,0.003066,0.0061175697483122,497.969,0.0445571094751358,70.0,27.0,11,5,0,0
160.0,1776686943.405,20260420_210622_0c8c3a,hitl,hover,none,normal,normal,new_rpi_2026_04_20,0.02542,0.000179,-0.00234,0.000404,0.471574,6e-05,0.003678,0.005707,0.001917,0.0220682471990585,497.964,0.0404330231249332,70.0,27.0,12,5,0,0
161.0,1776686944.405,20260420_210622_0c8c3a,hitl,hover,none,normal,normal,new_rpi_2026_04_20,0.026303,0.000327,-0.00275,0.000174,0.471476,0.000118,0.00319,0.00584,0.001389,0.0220682471990585,497.989,0.0404330231249332,70.0,27.0,11,5,0,0
162.0,1776686945.405,20260420_210622_0c8c3a,hitl,hover,none,normal,normal,new_rpi_2026_04_20,0.025984,0.000268,-0.003788,0.000151,0.471582,8.5e-05,0.00523,0.004623,0.001584,0.036555677652359,498.006,0.0350213572382926,70.0,27.0,14,6,0,0
163.0,1776686946.405,20260420_210622_0c8c3a,hitl,hover,none,normal,normal,new_rpi_2026_04_20,0.024841,0.000625,-0.003948,0.000377,0.471553,5.1e-05,0.001916,0.003549,0.001709,0.036555677652359,498.032,0.0350213572382926,70.0,27.0,10,4,0,0
164.0,1776686947.405,20260420_210622_0c8c3a,hitl,hover,none,normal,normal,new_rpi_2026_04_20,0.024987,0.001315,-0.002363,0.000279,0.471546,9.5e-05,0.004594,0.004394,0.001519,0.0436466336250305,498.039,0.0195445120334625,70.0,27.0,12,5,0,0
165.0,1776686948.405,20260420_210622_0c8c3a,hitl,hover,none,normal,normal,new_rpi_2026_04_20,0.027413,0.00032,-0.001649,0.000258,0.471602,0.000117,0.002097,0.001982,0.002093,0.0436466336250305,498.071,0.0195445120334625,70.0,27.0,12,6,0,0
166.0,1776686949.405,20260420_210622_0c8c3a,hitl,hover,none,normal,normal,new_rpi_2026_04_20,0.02649,0.000538,-0.002897,0.00033,0.47163,9.9e-05,0.003561,0.004079,0.002008,0.0068884124048054,498.083,0.0082647008821368,70.0,27.0,13,4,0,0
167.0,1776686950.405,20260420_210622_0c8c3a,hitl,hover,none,normal,normal,new_rpi_2026_04_20,0.025927,0.000361,-0.00106,0.000433,0.471595,0.000129,0.004311,0.005936,0.001417,0.0068884124048054,498.096,0.0082647008821368,70.0,27.0,11,5,0,0
168.0,1776686951.405,20260420_210622_0c8c3a,hitl,hover,none,normal,normal,new_rpi_2026_04_20,0.027285,0.000802,0.000582,0.000931,0.471637,0.000113,0.005575,0.003984,0.001237,0.0157813560217618,498.1,-0.0048761363141238,70.0,27.0,12,5,0,0
169.0,1776686952.405,20260420_210622_0c8c3a,hitl,hover,none,normal,normal,new_rpi_2026_04_20,0.02596,0.00041,0.001182,0.000659,0.471578,9e-05,0.002304,0.004367,0.000648,0.0157813560217618,498.125,-0.0048761363141238,70.0,27.0,12,6,0,0
170.0,1776686953.405,20260420_210622_0c8c3a,hitl,hover,none,normal,normal,new_rpi_2026_04_20,0.025385,9e-05,0.000907,0.000423,0.471564,8.1e-05,0.005242,0.003483,0.00202,0.040897212922573,498.14,-0.0052855866961181,70.0,27.0,13,4,0,0
171.0,1776686954.405,20260420_210622_0c8c3a,hitl,hover,none,normal,normal,new_rpi_2026_04_20,0.027351,0.001028,0.00036,0.000617,0.471637,9.2e-05,0.007232,0.004621,0.001398,0.040897212922573,498.14,-0.0052855866961181,70.0,27.0,11,5,0,0
172.0,1776686955.405,20260420_210622_0c8c3a,hitl,hover,none,normal,normal,new_rpi_2026_04_20,0.028125,0.000276,-0.000147,0.000185,0.471691,7.7e-05,0.006923,0.003924,0.001806,0.0483848303556442,498.13,-0.0229308139532804,70.0,27.0,12,5,0,0
173.0,1776686956.405,20260420_210622_0c8c3a,hitl,hover,none,normal,normal,new_rpi_2026_04_20,0.027296,0.000533,0.000299,0.000574,0.47162,0.0001,0.006285,0.004963,0.001053,0.0483848303556442,498.102,-0.0229308139532804,70.0,27.0,12,6,0,0
174.0,1776686957.405,20260420_210622_0c8c3a,hitl,hover,none,normal,normal,new_rpi_2026_04_20,0.026581,0.00041,0.000702,0.000373,0.471576,5.7e-05,0.005931,0.00613,0.000995,0.0562796220183372,498.087,0.0029616253450512,70.0,27.0,12,4,0,0
175.0,1776686958.405,20260420_210622_0c8c3a,hitl,hover,none,normal,normal,new_rpi_2026_04_20,0.027154,0.000511,-0.000703,0.000763,0.4715,8.5e-05,0.006562,0.002853,0.001576,0.0562796220183372,498.04,0.0029616253450512,70.0,27.0,11,5,0,0
176.0,1776686959.405,20260420_210622_0c8c3a,hitl,hover,none,normal,normal,new_rpi_2026_04_20,0.026908,0.000144,-0.001769,0.000335,0.47154,8.9e-05,0.005298,0.006125,0.002117,0.0439783222973346,498.002,0.0122397439554333,70.0,27.0,12,5,0,0
177.0,1776686960.405,20260420_210622_0c8c3a,hitl,hover,none,normal,normal,new_rpi_2026_04_20,0.026404,0.000238,-0.001453,0.000869,0.471499,0.000105,0.006708,0.007434,0.0027,0.0439783222973346,497.976,0.0122397439554333,70.0,27.0,11,5,0,0
178.0,1776686961.405,20260420_210622_0c8c3a,hitl,hover,none,normal,normal,new_rpi_2026_04_20,0.025639,0.001096,0.000597,0.000313,0.471577,4.6e-05,0.00338,0.005149,0.002044,0.0307371579110622,497.977,0.0517255030572414,70.0,27.0,13,5,0,0
179.0,1776686962.405,20260420_210622_0c8c3a,hitl,hover,none,normal,normal,new_rpi_2026_04_20,0.02487,0.00061,-0.000178,0.000679,0.471618,7.4e-05,0.00211,0.003227,0.001795,0.0307371579110622,497.977,0.0517255030572414,70.0,27.0,11,5,0,0
180.0,1776686963.405,20260420_210622_0c8c3a,hitl,hover,none,normal,normal,new_rpi_2026_04_20,0.026456,0.000195,-0.001229,0.000608,0.471592,6.7e-05,0.002122,0.003904,0.002754,0.0255164317786693,497.977,0.0360115058720111,70.0,27.0,13,6,0,0
181.0,1776686964.405,20260420_210622_0c8c3a,hitl,hover,none,normal,normal,new_rpi_2026_04_20,0.026912,0.00036,-0.000877,0.000322,0.471757,9.7e-05,0.002306,0.003884,0.002892,0.0255164317786693,497.951,0.0360115058720111,70.0,27.0,10,4,0,0
182.0,1776686965.405,20260420_210622_0c8c3a,hitl,hover,none,normal,normal,new_rpi_2026_04_20,0.026317,0.00059,-0.002949,0.000966,0.471539,7e-05,0.00149,0.003378,0.00206,0.0169023815542459,497.946,0.0438292659819126,70.0,27.0,13,5,0,0
183.0,1776686966.405,20260420_210622_0c8c3a,hitl,hover,none,normal,normal,new_rpi_2026_04_20,0.026767,0.000553,-0.001977,0.000699,0.471659,5e-05,0.003942,0.003958,0.003632,0.0169023815542459,497.948,0.0438292659819126,70.0,27.0,11,5,0,0
184.0,1776686967.405,20260420_210622_0c8c3a,hitl,hover,none,normal,normal,new_rpi_2026_04_20,0.027442,0.000585,-0.001475,0.000302,0.471596,5e-05,0.002126,0.003152,0.001202,0.0040194825269281,497.959,0.0566858537495136,70.0,27.0,12,5,0,0
185.0,1776686968.405,20260420_210622_0c8c3a,hitl,hover,none,normal,normal,new_rpi_2026_04_20,0.027335,0.000334,-0.000766,0.000183,0.471642,6.8e-05,0.003516,0.00262,0.001141,0.0040194825269281,497.993,0.0566858537495136,70.0,27.0,11,5,0,0
186.0,1776686969.405,20260420_210622_0c8c3a,hitl,hover,none,normal,normal,new_rpi_2026_04_20,0.026668,0.000368,-0.001052,0.000428,0.471589,6.1e-05,0.0038,0.003081,0.00114,0.0155422976240515,498.003,0.0425851047039032,70.0,27.0,15,5,0,0
187.0,1776686970.405,20260420_210622_0c8c3a,hitl,hover,none,normal,normal,new_rpi_2026_04_20,0.027658,0.000322,-0.00139,0.000326,0.471625,8.2e-05,0.004199,0.004298,0.002388,0.0155422976240515,498.062,0.0425851047039032,70.0,27.0,11,5,0,0
188.0,1776686971.405,20260420_210622_0c8c3a,hitl,hover,none,normal,normal,new_rpi_2026_04_20,0.02743,0.000419,-0.00028,0.000621,0.471637,0.000133,0.00224,0.00594,0.000831,0.0245972052216529,498.095,0.0110837714746594,70.0,27.0,12,5,0,0
189.0,1776686972.405,20260420_210622_0c8c3a,hitl,hover,none,normal,normal,new_rpi_2026_04_20,0.026501,0.000519,-0.000828,0.000584,0.471631,4e-05,0.003442,0.001912,0.000893,0.0245972052216529,498.153,0.0110837714746594,70.0,27.0,12,6,0,0
190.0,1776686973.405,20260420_210622_0c8c3a,hitl,hover,none,normal,normal,new_rpi_2026_04_20,0.024537,0.000354,-0.001336,0.000394,0.471548,8.7e-05,0.001751,0.008053,0.001488,0.0274420361965894,498.178,-0.0281212031841278,70.0,27.0,13,4,0,0
191.0,1776686974.405,20260420_210622_0c8c3a,hitl,hover,none,normal,normal,new_rpi_2026_04_20,0.024458,0.000194,-0.00148,0.000473,0.471545,0.000132,0.002698,0.003057,0.002319,0.0274420361965894,498.22,-0.0281212031841278,70.0,27.0,11,5,0,0
192.0,1776686975.405,20260420_210622_0c8c3a,hitl,hover,none,normal,normal,new_rpi_2026_04_20,0.025735,0.000224,-0.002364,0.000218,0.471614,7.6e-05,0.003607,0.003367,0.002896,0.0234142914414405,498.241,-0.0441376939415931,70.0,27.0,12,5,0,0
193.0,1776686976.405,20260420_210622_0c8c3a,hitl,hover,none,normal,normal,new_rpi_2026_04_20,0.025496,0.000292,-0.000993,0.000676,0.471579,9.9e-05,0.005269,0.006264,0.002455,0.0234142914414405,498.295,-0.0441376939415931,70.0,27.0,11,5,0,0
194.0,1776686977.405,20260420_210622_0c8c3a,hitl,hover,none,normal,normal,new_rpi_2026_04_20,0.025558,0.000225,-0.000322,0.000295,0.471498,0.000151,0.003552,0.004305,0.001752,0.0323941744863987,498.308,-0.0690963864326477,70.0,27.0,13,5,0,0
195.0,1776686978.405,20260420_210622_0c8c3a,hitl,hover,none,normal,normal,new_rpi_2026_04_20,0.025265,0.001435,0.001984,0.000847,0.471566,8.8e-05,0.006153,0.007638,0.001954,0.0323941744863987,498.339,-0.0690963864326477,70.0,27.0,11,5,0,0
196.0,1776686979.405,20260420_210622_0c8c3a,hitl,hover,none,normal,normal,new_rpi_2026_04_20,0.022777,0.000422,0.0019,0.000437,0.471481,0.000111,0.006015,0.007611,0.001924,0.0460542812943458,498.34,-0.0790345892310142,70.0,27.0,14,6,0,0
197.0,1776686980.405,20260420_210622_0c8c3a,hitl,hover,none,normal,normal,new_rpi_2026_04_20,0.023472,0.00016,0.002174,0.00084,0.471486,0.000129,0.000946,0.005028,0.001897,0.0460542812943458,498.368,-0.0790345892310142,70.0,27.0,10,4,0,0
198.0,1776686981.405,20260420_210622_0c8c3a,hitl,hover,none,normal,normal,new_rpi_2026_04_20,0.022397,0.000802,-0.000838,0.001105,0.471468,6.1e-05,0.003984,0.002834,0.001743,0.0363046042621135,498.351,-0.0832193344831466,70.0,27.0,13,5,0,0
199.0,1776686982.405,20260420_210622_0c8c3a,hitl,hover,none,normal,normal,new_rpi_2026_04_20,0.022663,0.001121,-0.001955,0.000485,0.471389,7.1e-05,0.004982,0.003923,0.002261,0.0363046042621135,498.354,-0.0832193344831466,70.0,27.0,12,6,0,0
200.0,1776686983.405,20260420_210622_0c8c3a,hitl,hover,none,normal,normal,new_rpi_2026_04_20,0.023367,0.000416,-0.00041,0.000455,0.471381,8.6e-05,0.006813,0.00335,0.001088,0.0164269674569368,498.343,-0.0833564028143882,70.0,27.0,11,4,0,0
201.0,1776686984.405,20260420_210622_0c8c3a,hitl,hover,none,normal,normal,new_rpi_2026_04_20,0.021968,0.000786,-0.001017,0.00084,0.471481,8.4e-05,0.00807,0.003441,0.001036,0.0164269674569368,498.303,-0.0833564028143882,70.0,27.0,11,5,0,0
202.0,1776686985.405,20260420_210622_0c8c3a,hitl,hover,none,normal,normal,new_rpi_2026_04_20,0.019183,0.000552,-0.001672,0.000372,0.471412,2.4e-05,0.003097,0.004422,0.000887,0.0446699447929859,498.271,-0.0637732073664665,70.0,27.0,13,5,0,0
203.0,1776686986.405,20260420_210622_0c8c3a,hitl,hover,none,normal,normal,new_rpi_2026_04_20,0.020352,0.000531,-0.000186,0.000506,0.47148,7.2e-05,0.005126,0.007499,0.00127,0.0446699447929859,498.234,-0.0637732073664665,70.0,27.0,12,5,0,0
204.0,1776686987.405,20260420_210622_0c8c3a,hitl,hover,none,normal,normal,new_rpi_2026_04_20,0.019828,0.000248,0.000396,0.000417,0.471439,9.6e-05,0.0047,0.003934,0.002869,0.0491125397384166,498.21,-0.037049762904644,70.0,27.0,12,5,0,0
205.0,1776686988.405,20260420_210622_0c8c3a,hitl,hover,none,normal,normal,new_rpi_2026_04_20,0.021926,0.000643,0.000812,0.000361,0.471524,0.000108,0.005857,0.002825,0.002359,0.0491125397384166,498.175,-0.037049762904644,70.0,27.0,10,5,0,0
206.0,1776686989.405,20260420_210622_0c8c3a,hitl,hover,none,normal,normal,new_rpi_2026_04_20,0.021937,0.000748,0.000534,0.00102,0.471582,0.0001,0.003405,0.00494,0.002371,0.0259068123996257,498.129,-0.0183050502091646,70.0,27.0,15,5,0,0
207.0,1776686990.405,20260420_210622_0c8c3a,hitl,hover,none,normal,normal,new_rpi_2026_04_20,0.021887,0.000645,0.00029,0.001186,0.471464,6.5e-05,0.002526,0.005071,0.002147,0.0259068123996257,498.098,-0.0183050502091646,70.0,27.0,11,5,0,0
208.0,1776686991.405,20260420_210622_0c8c3a,hitl,hover,none,normal,normal,new_rpi_2026_04_20,0.022097,0.000463,0.001008,0.000469,0.471337,5.5e-05,0.003654,0.002987,0.002396,0.0187871363013982,498.071,0.0056781307794153,70.0,27.0,12,5,0,0
209.0,1776686992.405,20260420_210622_0c8c3a,hitl,hover,none,normal,normal,new_rpi_2026_04_20,0.021297,0.00026,0.000463,0.000381,0.47138,9.4e-05,0.005026,0.004974,0.001901,0.0187871363013982,498.019,0.0056781307794153,70.0,27.0,11,5,0,0
210.0,1776686993.405,20260420_210622_0c8c3a,hitl,hover,none,normal,normal,new_rpi_2026_04_20,0.021018,0.000891,0.001764,0.000923,0.47149,8e-05,0.005197,0.00278,0.001698,0.0181452427059412,497.985,0.0347890704870224,70.0,27.0,13,5,0,0
211.0,1776686994.405,20260420_210622_0c8c3a,hitl,hover,none,normal,normal,new_rpi_2026_04_20,0.020355,0.0007,0.003494,0.000276,0.471505,5.9e-05,0.00658,0.002981,0.002241,0.0181452427059412,497.982,0.0347890704870224,70.0,27.0,11,6,0,0
212.0,1776686995.405,20260420_210622_0c8c3a,hitl,hover,none,normal,normal,new_rpi_2026_04_20,0.020395,0.000335,0.002328,0.000236,0.47143,9.3e-05,0.003398,0.003935,0.000959,0.0327653102576732,497.968,0.0510048978030681,70.0,27.0,12,4,0,0
213.0,1776686996.405,20260420_210622_0c8c3a,hitl,hover,none,normal,normal,new_rpi_2026_04_20,0.020765,0.000776,0.001722,0.000721,0.471313,8.7e-05,0.005198,0.001896,0.001689,0.0327653102576732,497.965,0.0510048978030681,70.0,27.0,11,6,0,0
214.0,1776686997.405,20260420_210622_0c8c3a,hitl,hover,none,normal,normal,new_rpi_2026_04_20,0.020789,0.00043,0.000687,0.000147,0.471447,3.6e-05,0.00365,0.002939,0.001521,0.0328333862125873,497.919,0.0490542463958263,70.0,27.0,13,4,0,0
215.0,1776686998.405,20260420_210622_0c8c3a,hitl,hover,none,normal,normal,new_rpi_2026_04_20,0.021762,0.000141,0.000348,7.6e-05,0.471461,0.00015,0.003242,0.002063,0.00302,0.0328333862125873,497.908,0.0490542463958263,70.0,27.0,11,5,0,0
216.0,1776686999.405,20260420_210622_0c8c3a,hitl,hover,none,normal,normal,new_rpi_2026_04_20,0.021073,0.000663,-0.000231,0.001035,0.471561,5.5e-05,0.003668,0.002577,0.001505,0.027522187680006,497.901,0.0827705860137939,70.0,27.0,12,5,0,0
217.0,1776687000.405,20260420_210622_0c8c3a,hitl,hover,none,normal,normal,new_rpi_2026_04_20,0.020828,0.000498,-0.000509,0.000574,0.471386,0.000116,0.00342,0.003904,0.001141,0.027522187680006,497.891,0.0827705860137939,70.0,27.0,11,5,0,0
218.0,1776687001.405,20260420_210622_0c8c3a,hitl,hover,none,normal,normal,new_rpi_2026_04_20,0.023079,0.000581,0.000558,0.000184,0.471573,0.000108,0.002369,0.002575,0.001845,0.0304723419249057,497.878,0.0744481086730957,70.0,27.0,13,5,0,0
219.0,1776687002.405,20260420_210622_0c8c3a,hitl,hover,none,normal,normal,new_rpi_2026_04_20,0.023431,0.000352,0.001299,0.000817,0.471479,7.9e-05,0.005837,0.006903,0.001288,0.0304723419249057,497.85,0.0744481086730957,70.0,27.0,11,5,0,0
220.0,1776687003.405,20260420_210622_0c8c3a,hitl,hover,none,normal,normal,new_rpi_2026_04_20,0.02098,0.000775,0.003374,0.000357,0.471488,6.4e-05,0.005427,0.006463,0.001477,0.0325668416917324,497.839,0.0797751992940902,70.0,27.0,12,5,0,0
221.0,1776687004.405,20260420_210622_0c8c3a,hitl,hover,none,normal,normal,new_rpi_2026_04_20,0.021336,0.00031,0.002299,0.000812,0.47158,0.000114,0.007203,0.003366,0.002327,0.0325668416917324,497.835,0.0797751992940902,70.0,27.0,10,5,0,0
222.0,1776687005.405,20260420_210622_0c8c3a,hitl,hover,none,normal,normal,new_rpi_2026_04_20,0.021241,0.000505,0.00191,0.000498,0.471632,0.000101,0.003003,0.004151,0.001961,0.0358609482645988,497.841,0.0969784036278724,70.0,27.0,14,5,0,0
223.0,1776687006.405,20260420_210622_0c8c3a,hitl,hover,none,normal,normal,new_rpi_2026_04_20,0.021984,0.00038,0.001277,0.000185,0.471645,6.5e-05,0.004708,0.003101,0.00208,0.0358609482645988,497.843,0.0969784036278724,70.0,27.0,10,5,0,0
224.0,1776687007.405,20260420_210622_0c8c3a,hitl,hover,none,normal,normal,new_rpi_2026_04_20,0.023105,0.000862,0.00074,0.000622,0.471548,8.5e-05,0.002693,0.001584,0.002631,0.0343712866306304,497.826,0.0804803371429443,70.0,27.0,13,5,0,0
225.0,1776687008.405,20260420_210622_0c8c3a,hitl,hover,none,normal,normal,new_rpi_2026_04_20,0.023089,0.000226,9.5e-05,0.000483,0.471566,5.8e-05,0.004687,0.006324,0.001703,0.0343712866306304,497.84,0.0804803371429443,70.0,27.0,10,5,0,0
226.0,1776687009.405,20260420_210622_0c8c3a,hitl,hover,none,normal,normal,new_rpi_2026_04_20,0.023329,0.000289,0.00047,0.000728,0.471624,5e-05,0.003294,0.004198,0.000659,0.024509347975254,497.853,0.0833697915077209,70.0,27.0,16,5,0,0
227.0,1776687010.405,20260420_210622_0c8c3a,hitl,hover,none,normal,normal,new_rpi_2026_04_20,0.024017,0.000423,0.001008,0.000542,0.471654,7.5e-05,0.001676,0.005514,0.001631,0.024509347975254,497.888,0.0833697915077209,70.0,27.0,12,5,0,0
228.0,1776687011.405,20260420_210622_0c8c3a,hitl,hover,none,normal,normal,new_rpi_2026_04_20,0.024449,0.000988,0.000329,0.000333,0.471632,6.2e-05,0.003335,0.00396,0.002839,0.0061496729031205,497.914,0.0661719292402267,70.0,27.0,13,5,0,0
229.0,1776687012.405,20260420_210622_0c8c3a,hitl,hover,none,normal,normal,new_rpi_2026_04_20,0.023185,9.8e-05,0.001546,0.00069,0.471606,7e-05,0.003779,0.006338,0.001006,0.0061496729031205,497.953,0.0661719292402267,70.0,27.0,11,5,0,0
230.0,1776687013.405,20260420_210622_0c8c3a,hitl,hover,none,normal,normal,new_rpi_2026_04_20,0.022924,0.000263,0.000916,0.000381,0.471685,0.000119,0.001992,0.002177,0.002042,0.0075125391595065,497.956,0.0448450334370136,70.0,27.0,13,5,0,0
231.0,1776687014.405,20260420_210622_0c8c3a,hitl,hover,none,normal,normal,new_rpi_2026_04_20,0.023824,0.000862,0.002273,0.00115,0.471625,8.9e-05,0.003222,0.003912,0.002228,0.0075125391595065,497.976,0.0448450334370136,70.0,27.0,10,5,0,0
232.0,1776687015.405,20260420_210622_0c8c3a,hitl,hover,none,normal,normal,new_rpi_2026_04_20,0.02573,0.00048,0.003352,0.00115,0.471599,4.6e-05,0.002236,0.003363,0.001078,0.0099667077884078,498.005,0.0269784275442361,70.0,27.0,14,5,0,0
233.0,1776687016.405,20260420_210622_0c8c3a,hitl,hover,none,normal,normal,new_rpi_2026_04_20,0.026105,0.000192,0.000724,0.000549,0.471583,7.5e-05,0.003688,0.004815,0.001268,0.0099667077884078,498.018,0.0269784275442361,70.0,27.0,11,5,0,0
234.0,1776687017.405,20260420_210622_0c8c3a,hitl,hover,none,normal,normal,new_rpi_2026_04_20,0.023632,0.001996,0.000508,0.000931,0.471591,7e-05,0.002735,0.003836,0.001221,0.0244835335761308,498.036,0.0201520640403032,70.0,27.0,14,5,0,0
235.0,1776687018.405,20260420_210622_0c8c3a,hitl,hover,none,normal,normal,new_rpi_2026_04_20,0.02158,0.001092,0.002442,0.000415,0.47151,5.4e-05,0.003466,0.003059,0.001143,0.0244835335761308,498.044,0.0201520640403032,70.0,27.0,11,5,0,0
236.0,1776687019.405,20260420_210622_0c8c3a,hitl,hover,none,normal,normal,new_rpi_2026_04_20,0.023615,0.000286,0.002136,0.000174,0.471602,7.4e-05,0.002434,0.003652,0.001852,0.0207889936864376,498.056,0.0045248502865433,70.0,27.0,13,5,0,0
237.0,1776687020.405,20260420_210622_0c8c3a,hitl,hover,none,normal,normal,new_rpi_2026_04_20,0.023282,0.000438,0.001215,0.000595,0.471649,6.1e-05,0.004816,0.002881,0.001806,0.0207889936864376,498.055,0.0045248502865433,70.0,27.0,10,5,0,0
238.0,1776687021.405,20260420_210622_0c8c3a,hitl,hover,none,normal,normal,new_rpi_2026_04_20,0.024087,0.000205,0.001352,0.000773,0.471495,9.3e-05,0.001411,0.002887,0.00225,0.0204939320683479,498.093,0.0003165089001413,70.0,27.0,14,5,0,0
239.0,1776687022.405,20260420_210622_0c8c3a,hitl,hover,none,normal,normal,new_rpi_2026_04_20,0.02371,0.000293,0.003403,0.000876,0.47153,6.9e-05,0.001506,0.00342,0.001198,0.0204939320683479,498.129,0.0003165089001413,70.0,27.0,10,5,0,0
240.0,1776687023.405,20260420_210622_0c8c3a,hitl,hover,none,normal,normal,new_rpi_2026_04_20,0.02328,0.000742,0.004217,7.9e-05,0.471567,7.4e-05,0.003143,0.000981,0.001837,0.0012978774029761,498.161,-0.0154007347300648,70.0,27.0,13,5,0,0
241.0,1776687024.405,20260420_210622_0c8c3a,hitl,hover,none,normal,normal,new_rpi_2026_04_20,0.024468,0.000466,0.002776,0.000583,0.471489,3.9e-05,0.007351,0.002653,0.000934,0.0012978774029761,498.191,-0.0154007347300648,70.0,27.0,10,5,0,0
242.0,1776687025.405,20260420_210622_0c8c3a,hitl,hover,none,normal,normal,new_rpi_2026_04_20,0.026192,0.000317,0.001163,0.000577,0.471579,9.2e-05,0.003804,0.003224,0.000564,0.0159796681255102,498.201,-0.0353657528758049,70.0,27.0,15,5,0,0
243.0,1776687026.405,20260420_210622_0c8c3a,hitl,hover,none,normal,normal,new_rpi_2026_04_20,0.023584,0.000667,0.002548,0.000372,0.471615,8.5e-05,0.008469,0.002276,0.001248,0.0159796681255102,498.196,-0.0353657528758049,70.0,27.0,10,5,0,0
244.0,1776687027.405,20260420_210622_0c8c3a,hitl,hover,none,normal,normal,new_rpi_2026_04_20,0.024512,0.000297,0.002118,0.000332,0.47158,8.9e-05,0.002942,0.002388,0.001614,0.0159796681255102,498.204,-0.0353657528758049,70.0,27.0,6,3,0,0
